Workbook

Sheet Instructions
B2: WriteFlow — Journal de tests du POC tracking
B4: Objectif | C4: Consigner chaque test du POC et comparer la mesure de l'add-in a la verite terrain (mots reellement tapes/colles/supprimes, comptes a la main).
B5: Onglet 'Releves' | C5: Une ligne par test. Remplir les colonnes bleu clair (saisie). Les colonnes grises (erreur %, verdict) se calculent seules.
B6: Verite terrain | C6: Avant chaque test, noter le nombre de mots reellement produits. Puis lancer le scenario dans Word avec l'add-in, et reporter les valeurs des exports CSV/JSON.
B7: Onglet 'Synthese' | C7: Agrege les resultats et propose un verdict global GO / GO conditionnel / NO-GO selon les seuils du protocole.
B8: Seuils (rappel) | C8: Erreur tapee < 2% = GO, 2-8% = conditionnel, > 8% = NO-GO. Latence < 200 ms = GO, > 500 ms = NO-GO. Detection collage > 95% = GO.
B9: Conseil | C9: Rejouer le MEME scenario sur Desktop Windows, Desktop Mac et Web pour tester la coherence cross-plateforme.

Sheet Releves
A1: Releves de test — POC tracking
A3: ID | B3: Date | C3: Plateforme | D3: Scenario | E3: VT mots tapes | F3: VT mots colles | G3: VT mots supprimes | H3: Mesure tapee | I3: Mesure colle | J3: Mesure supprime | K3: Erreur tapee % | L3: Latence max (ms) | M3: WordApi 1.5 ? | N3: Collage attendu ? | O3: Collage detecte ? | P3: Verdict ligne | Q3: Notes
A4: 1 | B4: 2026-06-20 | C4: Desktop Windows | D4: Coller un bloc | E4: 0 | F4: 2000 | G4: 0 | H4: 0 | I4: 1980 | J4: 0 | K4: =IF($E4="","",IF($E4=0,IF($H4=0,0,1),ABS($H4-$E4)/$E4)) -> 0 | L4: 95 | M4: Oui | N4: Oui | O4: Oui | P4: =IF($E4="","",IF(OR($K4>0.08,$L4>500),"NO-GO",IF(AND($K4<=0.02,$L4<=200,OR($N4="Non",AND($N4="Oui",$O4="Oui"))),"GO","Conditionnel"))) -> GO | Q4: Exemple : collage de 2000 mots, bien classe en colle.
K5: =IF($E5="","",IF($E5=0,IF($H5=0,0,1),ABS($H5-$E5)/$E5)) | P5: =IF($E5="","",IF(OR($K5>0.08,$L5>500),"NO-GO",IF(AND($K5<=0.02,$L5<=200,OR($N5="Non",AND($N5="Oui",$O5="Oui"))),"GO","Conditionnel")))
K6: =IF($E6="","",IF($E6=0,IF($H6=0,0,1),ABS($H6-$E6)/$E6)) | P6: =IF($E6="","",IF(OR($K6>0.08,$L6>500),"NO-GO",IF(AND($K6<=0.02,$L6<=200,OR($N6="Non",AND($N6="Oui",$O6="Oui"))),"GO","Conditionnel")))
K7: =IF($E7="","",IF($E7=0,IF($H7=0,0,1),ABS($H7-$E7)/$E7)) | P7: =IF($E7="","",IF(OR($K7>0.08,$L7>500),"NO-GO",IF(AND($K7<=0.02,$L7<=200,OR($N7="Non",AND($N7="Oui",$O7="Oui"))),"GO","Conditionnel")))
K8: =IF($E8="","",IF($E8=0,IF($H8=0,0,1),ABS($H8-$E8)/$E8)) | P8: =IF($E8="","",IF(OR($K8>0.08,$L8>500),"NO-GO",IF(AND($K8<=0.02,$L8<=200,OR($N8="Non",AND($N8="Oui",$O8="Oui"))),"GO","Conditionnel")))
K9: =IF($E9="","",IF($E9=0,IF($H9=0,0,1),ABS($H9-$E9)/$E9)) | P9: =IF($E9="","",IF(OR($K9>0.08,$L9>500),"NO-GO",IF(AND($K9<=0.02,$L9<=200,OR($N9="Non",AND($N9="Oui",$O9="Oui"))),"GO","Conditionnel")))
K10: =IF($E10="","",IF($E10=0,IF($H10=0,0,1),ABS($H10-$E10)/$E10)) | P10: =IF($E10="","",IF(OR($K10>0.08,$L10>500),"NO-GO",IF(AND($K10<=0.02,$L10<=200,OR($N10="Non",AND($N10="Oui",$O10="Oui"))),"GO","Conditionnel")))
K11: =IF($E11="","",IF($E11=0,IF($H11=0,0,1),ABS($H11-$E11)/$E11)) | P11: =IF($E11="","",IF(OR($K11>0.08,$L11>500),"NO-GO",IF(AND($K11<=0.02,$L11<=200,OR($N11="Non",AND($N11="Oui",$O11="Oui"))),"GO","Conditionnel")))
K12: =IF($E12="","",IF($E12=0,IF($H12=0,0,1),ABS($H12-$E12)/$E12)) | P12: =IF($E12="","",IF(OR($K12>0.08,$L12>500),"NO-GO",IF(AND($K12<=0.02,$L12<=200,OR($N12="Non",AND($N12="Oui",$O12="Oui"))),"GO","Conditionnel")))
K13: =IF($E13="","",IF($E13=0,IF($H13=0,0,1),ABS($H13-$E13)/$E13)) | P13: =IF($E13="","",IF(OR($K13>0.08,$L13>500),"NO-GO",IF(AND($K13<=0.02,$L13<=200,OR($N13="Non",AND($N13="Oui",$O13="Oui"))),"GO","Conditionnel")))
K14: =IF($E14="","",IF($E14=0,IF($H14=0,0,1),ABS($H14-$E14)/$E14)) | P14: =IF($E14="","",IF(OR($K14>0.08,$L14>500),"NO-GO",IF(AND($K14<=0.02,$L14<=200,OR($N14="Non",AND($N14="Oui",$O14="Oui"))),"GO","Conditionnel")))
K15: =IF($E15="","",IF($E15=0,IF($H15=0,0,1),ABS($H15-$E15)/$E15)) | P15: =IF($E15="","",IF(OR($K15>0.08,$L15>500),"NO-GO",IF(AND($K15<=0.02,$L15<=200,OR($N15="Non",AND($N15="Oui",$O15="Oui"))),"GO","Conditionnel")))
K16: =IF($E16="","",IF($E16=0,IF($H16=0,0,1),ABS($H16-$E16)/$E16)) | P16: =IF($E16="","",IF(OR($K16>0.08,$L16>500),"NO-GO",IF(AND($K16<=0.02,$L16<=200,OR($N16="Non",AND($N16="Oui",$O16="Oui"))),"GO","Conditionnel")))
... K33: =IF($E33="","",IF($E33=0,IF($H33=0,0,1),ABS($H33-$E33)/$E33)) | P33: =IF($E33="","",IF(OR($K33>0.08,$L33>500),"NO-GO",IF(AND($K33<=0.02,$L33<=200,OR($N33="Non",AND($N33="Oui",$O33="Oui"))),"GO","Conditionnel")))

Sheet Synthese
B2: Synthese & decision
B4: Indicateurs
B5: Tests realises | C5: =COUNTA(Releves!A4:A33) -> 1
B6: Erreur tapee moyenne | C6: =IFERROR(AVERAGE(Releves!K4:K33),"-") -> 0
B7: Erreur tapee max | C7: =IFERROR(MAX(Releves!K4:K33),"-") -> 0
B8: Latence moyenne (ms) | C8: =IFERROR(AVERAGE(Releves!L4:L33),"-") -> 95
B9: Latence max (ms) | C9: =IFERROR(MAX(Releves!L4:L33),"-") -> 95
B10: Taux detection collage | C10: =IFERROR(COUNTIFS(Releves!N4:N33,"Oui",Releves!O4:O33,"Oui")/COUNTIF(Releves!N4:N33,"Oui"),"-") -> 1
B11: Tests GO | C11: =COUNTIF(Releves!P4:P33,"GO") -> 1
B12: Tests Conditionnel | C12: =COUNTIF(Releves!P4:P33,"Conditionnel") -> 0
B13: Tests NO-GO | C13: =COUNTIF(Releves!P4:P33,"NO-GO") -> 0
B15: Verdict global
B16: =IF(COUNTA(Releves!A4:A33)=0,"Aucun test saisi",IF(COUNTIF(Releves!P4:P33,"NO-GO")>0,"NO-GO : au moins un test critique echoue, revoir avant de continuer",IF(COUNTIF(Releves!P4:P33,"Conditionnel")>0,"GO CONDITIONNEL : documenter les limites avant le MVP","GO : tracking fiable sur les tests realises"))) -> GO : tracking fiable sur les tests realises
B18: Seuils de decision (rappel du protocole)
B19: Critere | C19: GO | D19: Conditionnel | E19: NO-GO
B20: Erreur de comptage | C20: < 2% | D20: 2 - 8% | E20: > 8%
B21: Detection collage | C21: > 95% | D21: 80 - 95% | E21: < 80%
B22: Latence (doc long) | C22: < 200 ms | D22: 200 - 500 ms | E22: > 500 ms
B23: Coherence cross-plateforme | C23: identique | D23: ecarts mineurs | E23: 1 plateforme KO
B24: Perte hors-ligne | C24: 0 | D24: rare | E24: frequente
